{
	"credit": "Made with Blockbench",
	"parent": "minecraft:block/cross",
	"texture_size": [32, 32],
	"textures": {
		"cross": "block/crimson_fungus"
	},
	"elements": [
		{
			"from": [7, 0, 7],
			"to": [9, 5, 9],
			"faces": {
				"north": {"uv": [7, 9.5, 8, 12], "texture": "#cross"},
				"east": {"uv": [6, 9.5, 7, 12], "texture": "#cross"},
				"south": {"uv": [5, 9.5, 6, 12], "texture": "#cross"},
				"west": {"uv": [4, 9.5, 5, 12], "texture": "#cross"},
				"up": {"uv": [8, 10, 9, 11], "texture": "#cross"},
				"down": {"uv": [8, 11, 9, 12], "texture": "#cross"}
			}
		},
		{
			"from": [4, 5, 4],
			"to": [12, 7, 12],
			"faces": {
				"north": {"uv": [4, 14, 8, 15], "texture": "#cross"},
				"east": {"uv": [4, 15, 8, 16], "texture": "#cross"},
				"south": {"uv": [4, 12, 8, 13], "texture": "#cross"},
				"west": {"uv": [4, 13, 8, 14], "texture": "#cross"},
				"up": {"uv": [0, 8, 4, 12], "texture": "#cross"},
				"down": {"uv": [0, 12, 4, 16], "texture": "#cross"}
			}
		},
		{
			"from": [5, 7, 5],
			"to": [11, 11, 11],
			"faces": {
				"north": {"uv": [0, 0, 3, 2], "texture": "#cross"},
				"east": {"uv": [0, 2, 3, 4], "texture": "#cross"},
				"south": {"uv": [0, 4, 3, 6], "texture": "#cross"},
				"west": {"uv": [0, 6, 3, 8], "texture": "#cross"},
				"up": {"uv": [3, 5, 6, 8], "texture": "#cross"},
				"down": {"uv": [3, 2, 6, 5], "texture": "#cross"}
			}
		}
	]
}