{
	"credit": "Made with Blockbench",
	"ambientocclusion": false,
	"texture_size": [32, 16],
	"textures": {
		"0": "block/glow_lichen",
		"particle": "block/glow_lichen"
	},
	"elements": [
		{
			"from": [15.9, 0, 0],
			"to": [15.9, 16, 16],
			"rotation": {"angle": 0, "axis": "y", "origin": [8, 8, 0]},
			"faces": {
				"east": {"uv": [0, 0, 8, 16], "texture": "#0"},
				"west": {"uv": [8, 0, 0, 16], "texture": "#0"}
			}
		},
		{
			"from": [15.9, 7.9, 0],
			"to": [15.9, 16.9, 16],
			"rotation": {"angle": 45, "axis": "z", "origin": [16, 8, 8]},
			"faces": {
				"east": {"uv": [16, 0, 8, 9], "rotation": 180, "texture": "#0"},
				"west": {"uv": [8, 0, 16, 9], "rotation": 180, "texture": "#0"}
			}
		},
		{
			"from": [6.9, 7.9, 0],
			"to": [15.9, 7.9, 16],
			"rotation": {"angle": 45, "axis": "z", "origin": [16, 8, 8]},
			"faces": {
				"up": {"uv": [8, 9, 16, 0], "rotation": 90, "texture": "#0"},
				"down": {"uv": [16, 9, 8, 0], "rotation": 90, "texture": "#0"}
			}
		}
	]
}