{
	"credit": "Made with Blockbench",
	"parent": "minecraft:block/flower_pot_cross",
	"textures": {
		"1": "block/dirt",
		"2": "block/flower_pot",
		"particle": "block/dirt",
		"plant": "block/crimson_fungus"
	},
	"elements": [
		{
			"from": [5, 11, 5],
			"to": [11, 15, 11],
			"faces": {
				"north": {"uv": [0, 0, 3, 2], "texture": "#plant"},
				"east": {"uv": [0, 2, 3, 4], "texture": "#plant"},
				"south": {"uv": [0, 4, 3, 6], "texture": "#plant"},
				"west": {"uv": [0, 6, 3, 8], "texture": "#plant"},
				"up": {"uv": [3, 5, 6, 8], "texture": "#plant"},
				"down": {"uv": [3, 2, 6, 5], "texture": "#plant"}
			}
		},
		{
			"from": [4, 9, 4],
			"to": [12, 11, 12],
			"faces": {
				"north": {"uv": [4, 14, 8, 15], "texture": "#plant"},
				"east": {"uv": [4, 15, 8, 16], "texture": "#plant"},
				"south": {"uv": [4, 12, 8, 13], "texture": "#plant"},
				"west": {"uv": [4, 13, 8, 14], "texture": "#plant"},
				"up": {"uv": [0, 8, 4, 12], "texture": "#plant"},
				"down": {"uv": [0, 12, 4, 16], "texture": "#plant"}
			}
		},
		{
			"from": [7, 4, 7],
			"to": [9, 9, 9],
			"faces": {
				"north": {"uv": [7, 9.5, 8, 12], "texture": "#plant"},
				"east": {"uv": [6, 9.5, 7, 12], "texture": "#plant"},
				"south": {"uv": [5, 9.5, 6, 12], "texture": "#plant"},
				"west": {"uv": [4, 9.5, 5, 12], "texture": "#plant"},
				"up": {"uv": [8, 10, 9, 11], "texture": "#plant"},
				"down": {"uv": [8, 11, 9, 12], "texture": "#plant"}
			}
		},
		{
			"from": [5, 0, 5],
			"to": [11, 6, 11],
			"faces": {
				"north": {"uv": [5, 10, 11, 16], "texture": "#2"},
				"east": {"uv": [5, 10, 11, 16], "texture": "#2"},
				"south": {"uv": [5, 10, 11, 16], "texture": "#2"},
				"west": {"uv": [5, 10, 11, 16], "texture": "#2"},
				"up": {"uv": [5, 5, 11, 11], "texture": "#2"},
				"down": {"uv": [5, 10, 11, 16], "texture": "#2"}
			}
		},
		{
			"from": [6, 4, 6],
			"to": [10, 4, 10],
			"faces": {
				"north": {"uv": [16, 10, 16, 16], "texture": "#missing"},
				"east": {"uv": [16, 10, 16, 16], "texture": "#missing"},
				"south": {"uv": [16, 10, 16, 16], "texture": "#missing"},
				"west": {"uv": [16, 10, 16, 16], "texture": "#missing"},
				"up": {"uv": [6, 6, 10, 10], "texture": "#1"},
				"down": {"uv": [6, 10, 10, 6], "texture": "#1"}
			}
		},
		{
			"from": [6, 4, 10],
			"to": [10, 6, 10],
			"faces": {
				"north": {"uv": [6, 10, 10, 12], "texture": "#2"},
				"east": {"uv": [16, 10, 16, 16], "texture": "#2"},
				"south": {"uv": [16, 10, 16, 16], "texture": "#2"},
				"west": {"uv": [16, 10, 16, 16], "texture": "#2"},
				"up": {"uv": [16, 10, 16, 16], "texture": "#2"},
				"down": {"uv": [16, 10, 16, 16], "texture": "#missing"}
			}
		},
		{
			"from": [10, 4, 6],
			"to": [10, 6, 10],
			"faces": {
				"north": {"uv": [16, 10, 16, 16], "texture": "#2"},
				"east": {"uv": [16, 10, 16, 16], "texture": "#2"},
				"south": {"uv": [16, 10, 16, 16], "texture": "#2"},
				"west": {"uv": [6, 10, 10, 12], "texture": "#2"},
				"up": {"uv": [16, 10, 16, 16], "rotation": 270, "texture": "#2"},
				"down": {"uv": [16, 10, 16, 16], "rotation": 90, "texture": "#missing"}
			}
		},
		{
			"from": [6, 4, 6],
			"to": [10, 6, 6],
			"faces": {
				"north": {"uv": [16, 10, 16, 16], "texture": "#2"},
				"east": {"uv": [16, 10, 16, 16], "texture": "#2"},
				"south": {"uv": [6, 10, 10, 12], "texture": "#2"},
				"west": {"uv": [16, 10, 16, 16], "texture": "#2"},
				"up": {"uv": [16, 10, 16, 16], "rotation": 180, "texture": "#2"},
				"down": {"uv": [16, 10, 16, 16], "rotation": 180, "texture": "#missing"}
			}
		},
		{
			"from": [6, 4, 6],
			"to": [6, 6, 10],
			"faces": {
				"north": {"uv": [16, 10, 16, 16], "texture": "#2"},
				"east": {"uv": [6, 10, 10, 12], "texture": "#2"},
				"south": {"uv": [16, 10, 16, 16], "texture": "#2"},
				"west": {"uv": [16, 10, 16, 16], "texture": "#2"},
				"up": {"uv": [16, 10, 16, 16], "rotation": 90, "texture": "#2"},
				"down": {"uv": [16, 10, 16, 16], "rotation": 270, "texture": "#missing"}
			}
		}
	]
}