{
	"credit": "Made with Blockbench",
	"parent": "minecraft:block/cross",
	"texture_size": [32, 32],
	"textures": {
		"cross": "block/red_mushroom"
	},
	"elements": [
		{
			"from": [7, 0, 7],
			"to": [9, 4, 9],
			"faces": {
				"north": {"uv": [0, 8, 1, 10], "texture": "#cross"},
				"east": {"uv": [3, 8, 4, 10], "texture": "#cross"},
				"south": {"uv": [2, 8, 3, 10], "texture": "#cross"},
				"west": {"uv": [1, 8, 2, 10], "texture": "#cross"},
				"up": {"uv": [4, 9, 5, 10], "texture": "#cross"},
				"down": {"uv": [4, 8, 5, 9], "texture": "#cross"}
			}
		},
		{
			"from": [4, 4, 4],
			"to": [12, 8, 12],
			"faces": {
				"north": {"uv": [0, 6, 4, 8], "texture": "#cross"},
				"east": {"uv": [0, 4, 4, 6], "texture": "#cross"},
				"south": {"uv": [0, 2, 4, 4], "texture": "#cross"},
				"west": {"uv": [0, 0, 4, 2], "texture": "#cross"},
				"up": {"uv": [4, 4, 8, 8], "texture": "#cross"},
				"down": {"uv": [4, 0, 8, 4], "texture": "#cross"}
			}
		}
	]
}