{
	"credit": "Made with Blockbench",
	"ambientocclusion": false,
	"texture_size": [32, 16],
	"textures": {
		"particle": "block/sculk_vein",
		"sculk_vein": "block/sculk_vein"
	},
	"elements": [
		{
			"from": [0.1, 0, 0],
			"to": [0.1, 16, 16],
			"rotation": {"angle": 0, "axis": "y", "origin": [8, 8, 0]},
			"faces": {
				"east": {"uv": [0, 0, 8, 16], "texture": "#sculk_vein"},
				"west": {"uv": [0, 0, 8, 16], "texture": "#sculk_vein"}
			}
		},
		{
			"from": [4.1, 5, 3],
			"to": [4.1, 9, 7],
			"rotation": {"angle": 0, "axis": "y", "origin": [8, 8, 0]},
			"faces": {
				"east": {"uv": [13, 0, 15, 4], "texture": "#sculk_vein"},
				"west": {"uv": [13, 0, 15, 4], "texture": "#sculk_vein"}
			}
		},
		{
			"from": [3.1, 12, 12],
			"to": [3.1, 14, 14],
			"rotation": {"angle": 0, "axis": "y", "origin": [8, 8, 0]},
			"faces": {
				"east": {"uv": [15, 0, 16, 2], "texture": "#sculk_vein"},
				"west": {"uv": [15, 0, 16, 2], "texture": "#sculk_vein"}
			}
		},
		{
			"from": [8.1, 3, 3],
			"to": [8.1, 5, 5],
			"rotation": {"angle": 0, "axis": "y", "origin": [8, 8, 0]},
			"faces": {
				"east": {"uv": [15, 2, 16, 4], "texture": "#sculk_vein"},
				"west": {"uv": [15, 2, 16, 4], "texture": "#sculk_vein"}
			}
		},
		{
			"from": [1.1, 3, 9],
			"to": [1.1, 7, 14],
			"rotation": {"angle": 0, "axis": "y", "origin": [8, 8, 0]},
			"faces": {
				"east": {"uv": [10.5, 0, 13, 4], "texture": "#sculk_vein"},
				"west": {"uv": [10.5, 0, 13, 4], "texture": "#sculk_vein"}
			}
		},
		{
			"from": [7.1, 10, 3],
			"to": [7.1, 14, 8],
			"rotation": {"angle": 0, "axis": "y", "origin": [8, 8, 0]},
			"faces": {
				"east": {"uv": [10.5, 0, 13, 4], "texture": "#sculk_vein"},
				"west": {"uv": [10.5, 0, 13, 4], "texture": "#sculk_vein"}
			}
		},
		{
			"from": [9.1, 6, 8],
			"to": [9.1, 10, 13],
			"rotation": {"angle": 0, "axis": "y", "origin": [8, 8, 0]},
			"faces": {
				"east": {"uv": [8, 0, 10.5, 4], "texture": "#sculk_vein"},
				"west": {"uv": [8, 0, 10.5, 4], "texture": "#sculk_vein"}
			}
		},
		{
			"from": [0.1, 0, 8],
			"to": [12.1, 16, 8],
			"rotation": {"angle": -45, "axis": "x", "origin": [0, 8, 8]},
			"faces": {
				"north": {"uv": [8, 16, 16.00001, 4], "rotation": 270, "texture": "#sculk_vein"},
				"east": {"uv": [0, 0, 0, 0], "texture": "#missing"},
				"south": {"uv": [16, 16, 8, 4], "rotation": 90, "texture": "#sculk_vein"},
				"west": {"uv": [0, 0, 0, 0], "texture": "#missing"},
				"up": {"uv": [0, 0, 0, 0], "rotation": 270, "texture": "#missing"},
				"down": {"uv": [0, 0, 0, 0], "rotation": 90, "texture": "#missing"}
			}
		},
		{
			"from": [0.1, 0, 8],
			"to": [12.1, 16, 8],
			"rotation": {"angle": 45, "axis": "x", "origin": [0, 8, 8]},
			"faces": {
				"north": {"uv": [8, 16, 16.00001, 4], "rotation": 270, "texture": "#sculk_vein"},
				"east": {"uv": [0, 0, 0, 0], "rotation": 180, "texture": "#missing"},
				"south": {"uv": [16, 16, 8, 4], "rotation": 90, "texture": "#sculk_vein"},
				"west": {"uv": [0, 0, 0, 0], "rotation": 180, "texture": "#missing"},
				"up": {"uv": [0, 0, 0, 0], "rotation": 90, "texture": "#missing"},
				"down": {"uv": [0, 0, 0, 0], "rotation": 270, "texture": "#missing"}
			}
		}
	]
}