{
	"credit": "Made with Blockbench",
	"ambientocclusion": false,
	"texture_size": [32, 16],
	"textures": {
		"particle": "block/sculk_vein",
		"sculk_vein": "block/sculk_vein"
	},
	"elements": [
		{
			"from": [0, 0, 15.9],
			"to": [16, 16, 15.9],
			"rotation": {"angle": 0, "axis": "y", "origin": [8, 8, 0]},
			"faces": {
				"north": {"uv": [0, 0, 8, 16], "texture": "#sculk_vein"},
				"south": {"uv": [0, 0, 8, 16], "texture": "#sculk_vein"}
			}
		},
		{
			"from": [3, 5, 11.9],
			"to": [7, 9, 11.9],
			"rotation": {"angle": 0, "axis": "y", "origin": [8, 8, 0]},
			"faces": {
				"north": {"uv": [13, 0, 15, 4], "texture": "#sculk_vein"},
				"south": {"uv": [13, 0, 15, 4], "texture": "#sculk_vein"}
			}
		},
		{
			"from": [12, 12, 12.9],
			"to": [14, 14, 12.9],
			"rotation": {"angle": 0, "axis": "y", "origin": [8, 8, 0]},
			"faces": {
				"north": {"uv": [15, 0, 16, 2], "texture": "#sculk_vein"},
				"south": {"uv": [15, 0, 16, 2], "texture": "#sculk_vein"}
			}
		},
		{
			"from": [3, 3, 7.9],
			"to": [5, 5, 7.9],
			"rotation": {"angle": 0, "axis": "y", "origin": [8, 8, 0]},
			"faces": {
				"north": {"uv": [15, 2, 16, 4], "texture": "#sculk_vein"},
				"south": {"uv": [15, 2, 16, 4], "texture": "#sculk_vein"}
			}
		},
		{
			"from": [9, 3, 14.9],
			"to": [14, 7, 14.9],
			"rotation": {"angle": 0, "axis": "y", "origin": [8, 8, 0]},
			"faces": {
				"north": {"uv": [10.5, 0, 13, 4], "texture": "#sculk_vein"},
				"south": {"uv": [10.5, 0, 13, 4], "texture": "#sculk_vein"}
			}
		},
		{
			"from": [3, 10, 8.9],
			"to": [8, 14, 8.9],
			"rotation": {"angle": 0, "axis": "y", "origin": [8, 8, 0]},
			"faces": {
				"north": {"uv": [10.5, 0, 13, 4], "texture": "#sculk_vein"},
				"south": {"uv": [10.5, 0, 13, 4], "texture": "#sculk_vein"}
			}
		},
		{
			"from": [8, 6, 6.9],
			"to": [13, 10, 6.9],
			"rotation": {"angle": 0, "axis": "y", "origin": [8, 8, 0]},
			"faces": {
				"north": {"uv": [8, 0, 10.5, 4], "texture": "#sculk_vein"},
				"south": {"uv": [8, 0, 10.5, 4], "texture": "#sculk_vein"}
			}
		},
		{
			"from": [8, 0, 3.9],
			"to": [8, 16, 15.9],
			"rotation": {"angle": 45, "axis": "z", "origin": [8, 8, 0]},
			"faces": {
				"north": {"uv": [0, 0, 0, 0], "texture": "#missing"},
				"east": {"uv": [16, 16, 8, 4], "rotation": 90, "texture": "#sculk_vein"},
				"south": {"uv": [0, 0, 0, 0], "texture": "#missing"},
				"west": {"uv": [8, 16, 16.00001, 4], "rotation": 270, "texture": "#sculk_vein"},
				"up": {"uv": [0, 0, 0, 0], "rotation": 180, "texture": "#missing"},
				"down": {"uv": [0, 0, 0, 0], "rotation": 180, "texture": "#missing"}
			}
		},
		{
			"from": [8, 0, 3.9],
			"to": [8, 16, 15.9],
			"rotation": {"angle": -45, "axis": "z", "origin": [8, 8, 0]},
			"faces": {
				"north": {"uv": [0, 0, 0, 0], "rotation": 180, "texture": "#missing"},
				"east": {"uv": [16, 16, 8, 4], "rotation": 90, "texture": "#sculk_vein"},
				"south": {"uv": [0, 0, 0, 0], "rotation": 180, "texture": "#missing"},
				"west": {"uv": [8, 16, 16.00001, 4], "rotation": 270, "texture": "#sculk_vein"},
				"up": {"uv": [0, 0, 0, 0], "texture": "#missing"},
				"down": {"uv": [0, 0, 0, 0], "texture": "#missing"}
			}
		}
	]
}