{
	"credit": "Made with Blockbench",
	"parent": "minecraft:block/tinted_cross",
	"texture_size": [32, 32],
	"textures": {
		"cross": "block/sugar_cane"
	},
	"elements": [
		{
			"from": [4, 0, 12],
			"to": [6, 16, 14],
			"faces": {
				"north": {"uv": [15, 8, 16, 16], "texture": "#cross"},
				"east": {"uv": [14, 8, 15, 16], "texture": "#cross"},
				"south": {"uv": [13, 8, 14, 16], "texture": "#cross"},
				"west": {"uv": [12, 8, 13, 16], "texture": "#cross"},
				"up": {"uv": [14, 4, 15, 5], "texture": "#cross"},
				"down": {"uv": [15, 4, 16, 5], "texture": "#cross"}
			}
		},
		{
			"from": [6, 0, 2],
			"to": [8, 16, 4],
			"faces": {
				"north": {"uv": [15, 8, 16, 16], "texture": "#cross"},
				"east": {"uv": [14, 8, 15, 16], "texture": "#cross"},
				"south": {"uv": [13, 8, 14, 16], "texture": "#cross"},
				"west": {"uv": [12, 8, 13, 16], "texture": "#cross"},
				"up": {"uv": [14, 4, 15, 5], "texture": "#cross"},
				"down": {"uv": [15, 4, 16, 5], "texture": "#cross"}
			}
		},
		{
			"from": [1, 0, 6],
			"to": [3, 16, 8],
			"faces": {
				"north": {"uv": [7, 8, 8, 16], "texture": "#cross"},
				"east": {"uv": [6, 8, 7, 16], "texture": "#cross"},
				"south": {"uv": [5, 8, 6, 16], "texture": "#cross"},
				"west": {"uv": [4, 8, 5, 16], "texture": "#cross"},
				"up": {"uv": [14, 6, 15, 7], "texture": "#cross"},
				"down": {"uv": [15, 6, 16, 7], "texture": "#cross"}
			}
		},
		{
			"from": [12, 0, 3],
			"to": [14, 16, 5],
			"faces": {
				"north": {"uv": [11, 8, 12, 16], "texture": "#cross"},
				"east": {"uv": [10, 8, 11, 16], "texture": "#cross"},
				"south": {"uv": [9, 8, 10, 16], "texture": "#cross"},
				"west": {"uv": [8, 8, 9, 16], "texture": "#cross"},
				"up": {"uv": [14, 5, 15, 6], "texture": "#cross"},
				"down": {"uv": [15, 5, 16, 6], "texture": "#cross"}
			}
		},
		{
			"from": [11, 0, 10],
			"to": [13, 16, 12],
			"faces": {
				"north": {"uv": [3, 8, 4, 16], "texture": "#cross"},
				"east": {"uv": [2, 8, 3, 16], "texture": "#cross"},
				"south": {"uv": [1, 8, 2, 16], "texture": "#cross"},
				"west": {"uv": [0, 8, 1, 16], "texture": "#cross"},
				"up": {"uv": [14, 7, 15, 8], "texture": "#cross"},
				"down": {"uv": [15, 7, 16, 8], "texture": "#cross"}
			}
		},
		{
			"from": [13, 13, 11],
			"to": [15, 17, 11],
			"rotation": {"angle": 22.5, "axis": "x", "origin": [13, 15, 11]},
			"faces": {
				"north": {"uv": [13, 4.5, 14, 6.5], "texture": "#cross"},
				"east": {"uv": [0, 0, 0, 0], "texture": "#cross"},
				"south": {"uv": [14, 4.5, 13, 6.5], "texture": "#cross"},
				"west": {"uv": [0, 0, 0, 0], "texture": "#cross"},
				"up": {"uv": [0, 0, 0, 0], "texture": "#cross"},
				"down": {"uv": [0, 0, 0, 0], "texture": "#cross"}
			}
		},
		{
			"from": [14, 8, 5],
			"to": [16, 12, 5],
			"rotation": {"angle": -45, "axis": "y", "origin": [14, 10, 5]},
			"faces": {
				"north": {"uv": [13, 4.5, 14, 6.5], "texture": "#cross"},
				"east": {"uv": [0, 0, 0, 0], "texture": "#cross"},
				"south": {"uv": [14, 4.5, 13, 6.5], "texture": "#cross"},
				"west": {"uv": [0, 0, 0, 0], "texture": "#cross"},
				"up": {"uv": [0, 0, 0, 0], "texture": "#cross"},
				"down": {"uv": [0, 0, 0, 0], "texture": "#cross"}
			}
		},
		{
			"from": [4, 12, 3],
			"to": [6, 16, 3],
			"rotation": {"angle": 0, "axis": "x", "origin": [6, 14, 3]},
			"faces": {
				"north": {"uv": [14, 4.5, 13, 6.5], "texture": "#cross"},
				"east": {"uv": [0, 0, 0, 0], "texture": "#cross"},
				"south": {"uv": [13, 4.5, 14, 6.5], "texture": "#cross"},
				"west": {"uv": [0, 0, 0, 0], "texture": "#cross"},
				"up": {"uv": [0, 0, 0, 0], "texture": "#cross"},
				"down": {"uv": [0, 0, 0, 0], "texture": "#cross"}
			}
		},
		{
			"from": [-1, 7, 7],
			"to": [1, 11, 7],
			"rotation": {"angle": 22.5, "axis": "x", "origin": [1, 9, 7]},
			"faces": {
				"north": {"uv": [14, 4.5, 13, 6.5], "texture": "#cross"},
				"east": {"uv": [0, 0, 0, 0], "texture": "#cross"},
				"south": {"uv": [13, 4.5, 14, 6.5], "texture": "#cross"},
				"west": {"uv": [0, 0, 0, 0], "texture": "#cross"},
				"up": {"uv": [0, 0, 0, 0], "texture": "#cross"},
				"down": {"uv": [0, 0, 0, 0], "texture": "#cross"}
			}
		},
		{
			"from": [10, 7, 11],
			"to": [11, 9, 11],
			"rotation": {"angle": 0, "axis": "y", "origin": [11, 8, 11]},
			"faces": {
				"north": {"uv": [11, 5.5, 11.5, 6.5], "texture": "#cross"},
				"east": {"uv": [0, 0, 0, 0], "texture": "#cross"},
				"south": {"uv": [11, 5.5, 11.5, 6.5], "texture": "#cross"},
				"west": {"uv": [0, 0, 0, 0], "texture": "#cross"},
				"up": {"uv": [0, 0, 0, 0], "texture": "#cross"},
				"down": {"uv": [0, 0, 0, 0], "texture": "#cross"}
			}
		},
		{
			"from": [8, 4, 3],
			"to": [9, 6, 3],
			"rotation": {"angle": -22.5, "axis": "x", "origin": [8, 5, 3]},
			"faces": {
				"north": {"uv": [11, 5.5, 11.5, 6.5], "texture": "#cross"},
				"east": {"uv": [0, 0, 0, 0], "texture": "#cross"},
				"south": {"uv": [11, 5.5, 11.5, 6.5], "texture": "#cross"},
				"west": {"uv": [0, 0, 0, 0], "texture": "#cross"},
				"up": {"uv": [0, 0, 0, 0], "texture": "#cross"},
				"down": {"uv": [0, 0, 0, 0], "texture": "#cross"}
			}
		},
		{
			"from": [14, 13, 4],
			"to": [15, 15, 4],
			"rotation": {"angle": 22.5, "axis": "x", "origin": [14, 14, 4]},
			"faces": {
				"north": {"uv": [11, 5.5, 11.5, 6.5], "texture": "#cross"},
				"east": {"uv": [0, 0, 0, 0], "texture": "#cross"},
				"south": {"uv": [11, 5.5, 11.5, 6.5], "texture": "#cross"},
				"west": {"uv": [0, 0, 0, 0], "texture": "#cross"},
				"up": {"uv": [0, 0, 0, 0], "texture": "#cross"},
				"down": {"uv": [0, 0, 0, 0], "texture": "#cross"}
			}
		},
		{
			"from": [2, 13, 13],
			"to": [4, 16, 13],
			"rotation": {"angle": -22.5, "axis": "x", "origin": [4, 14.5, 13]},
			"faces": {
				"north": {"uv": [11, 6.5, 12, 8], "texture": "#cross"},
				"east": {"uv": [0, 0, 0, 0], "texture": "#cross"},
				"south": {"uv": [12, 6.5, 11, 8], "texture": "#cross"},
				"west": {"uv": [0, 0, 0, 0], "texture": "#cross"},
				"up": {"uv": [0, 0, 0, 0], "texture": "#cross"},
				"down": {"uv": [0, 0, 0, 0], "texture": "#cross"}
			}
		},
		{
			"from": [10, 6, 4],
			"to": [12, 9, 4],
			"rotation": {"angle": 22.5, "axis": "x", "origin": [12, 7.5, 4]},
			"faces": {
				"north": {"uv": [11, 6.5, 12, 8], "texture": "#cross"},
				"east": {"uv": [0, 0, 0, 0], "texture": "#cross"},
				"south": {"uv": [12, 6.5, 11, 8], "texture": "#cross"},
				"west": {"uv": [0, 0, 0, 0], "texture": "#cross"},
				"up": {"uv": [0, 0, 0, 0], "texture": "#cross"},
				"down": {"uv": [0, 0, 0, 0], "texture": "#cross"}
			}
		},
		{
			"from": [3, 13, 7],
			"to": [7, 16, 7],
			"rotation": {"angle": -22.5, "axis": "x", "origin": [3, 14.5, 7]},
			"faces": {
				"north": {"uv": [12, 6.5, 14, 8], "texture": "#cross"},
				"east": {"uv": [0, 0, 0, 0], "texture": "#cross"},
				"south": {"uv": [14, 6.5, 12, 8], "texture": "#cross"},
				"west": {"uv": [0, 0, 0, 0], "texture": "#cross"},
				"up": {"uv": [0, 0, 0, 0], "texture": "#cross"},
				"down": {"uv": [0, 0, 0, 0], "texture": "#cross"}
			}
		},
		{
			"from": [12, 3, 6],
			"to": [12, 6, 10],
			"rotation": {"angle": -22.5, "axis": "z", "origin": [12, 4.5, 10]},
			"faces": {
				"north": {"uv": [0, 0, 0, 0], "texture": "#cross"},
				"east": {"uv": [14, 6.5, 12, 8], "texture": "#cross"},
				"south": {"uv": [0, 0, 0, 0], "texture": "#cross"},
				"west": {"uv": [12, 6.5, 14, 8], "texture": "#cross"},
				"up": {"uv": [0, 0, 0, 0], "rotation": 270, "texture": "#cross"},
				"down": {"uv": [0, 0, 0, 0], "rotation": 90, "texture": "#cross"}
			}
		},
		{
			"from": [5, 4, 14],
			"to": [5, 7, 16],
			"rotation": {"angle": 22.5, "axis": "z", "origin": [5, 5.5, 14]},
			"faces": {
				"north": {"uv": [0, 0, 0, 0], "texture": "#cross"},
				"east": {"uv": [12, 6.5, 11, 8], "texture": "#cross"},
				"south": {"uv": [0, 0, 0, 0], "texture": "#cross"},
				"west": {"uv": [11, 6.5, 12, 8], "texture": "#cross"},
				"up": {"uv": [0, 0, 0, 0], "rotation": 270, "texture": "#cross"},
				"down": {"uv": [0, 0, 0, 0], "rotation": 90, "texture": "#cross"}
			}
		},
		{
			"from": [12, 13, 12],
			"to": [12, 16, 14],
			"rotation": {"angle": -22.5, "axis": "z", "origin": [12, 14.5, 12]},
			"faces": {
				"north": {"uv": [0, 0, 0, 0], "texture": "#cross"},
				"east": {"uv": [12, 6.5, 11, 8], "texture": "#cross"},
				"south": {"uv": [0, 0, 0, 0], "texture": "#cross"},
				"west": {"uv": [11, 6.5, 12, 8], "texture": "#cross"},
				"up": {"uv": [0, 0, 0, 0], "rotation": 270, "texture": "#cross"},
				"down": {"uv": [0, 0, 0, 0], "rotation": 90, "texture": "#cross"}
			}
		},
		{
			"from": [2, 12, 5],
			"to": [2, 14, 6],
			"rotation": {"angle": 0, "axis": "y", "origin": [2, 13, 6]},
			"faces": {
				"north": {"uv": [0, 0, 0, 0], "texture": "#cross"},
				"east": {"uv": [11, 5.5, 11.5, 6.5], "texture": "#cross"},
				"south": {"uv": [0, 0, 0, 0], "texture": "#cross"},
				"west": {"uv": [11, 5.5, 11.5, 6.5], "texture": "#cross"},
				"up": {"uv": [0, 0, 0, 0], "rotation": 270, "texture": "#cross"},
				"down": {"uv": [0, 0, 0, 0], "rotation": 90, "texture": "#cross"}
			}
		},
		{
			"from": [13, 9, 2],
			"to": [13, 11, 3],
			"rotation": {"angle": 0, "axis": "y", "origin": [13, 10, 3]},
			"faces": {
				"north": {"uv": [0, 0, 0, 0], "texture": "#cross"},
				"east": {"uv": [11, 5.5, 11.5, 6.5], "texture": "#cross"},
				"south": {"uv": [0, 0, 0, 0], "texture": "#cross"},
				"west": {"uv": [11, 5.5, 11.5, 6.5], "texture": "#cross"},
				"up": {"uv": [0, 0, 0, 0], "rotation": 270, "texture": "#cross"},
				"down": {"uv": [0, 0, 0, 0], "rotation": 90, "texture": "#cross"}
			}
		},
		{
			"from": [2, 10, 8],
			"to": [2, 12, 9],
			"rotation": {"angle": 22.5, "axis": "z", "origin": [2, 11, 8]},
			"faces": {
				"north": {"uv": [0, 0, 0, 0], "texture": "#cross"},
				"east": {"uv": [11, 5.5, 11.5, 6.5], "texture": "#cross"},
				"south": {"uv": [0, 0, 0, 0], "texture": "#cross"},
				"west": {"uv": [11, 5.5, 11.5, 6.5], "texture": "#cross"},
				"up": {"uv": [0, 0, 0, 0], "rotation": 270, "texture": "#cross"},
				"down": {"uv": [0, 0, 0, 0], "rotation": 90, "texture": "#cross"}
			}
		},
		{
			"from": [5, 8, 11],
			"to": [5, 10, 12],
			"rotation": {"angle": 0, "axis": "z", "origin": [5, 9, 12]},
			"faces": {
				"north": {"uv": [0, 0, 0, 0], "texture": "#cross"},
				"east": {"uv": [11, 5.5, 11.5, 6.5], "texture": "#cross"},
				"south": {"uv": [0, 0, 0, 0], "texture": "#cross"},
				"west": {"uv": [11, 5.5, 11.5, 6.5], "texture": "#cross"},
				"up": {"uv": [0, 0, 0, 0], "rotation": 270, "texture": "#cross"},
				"down": {"uv": [0, 0, 0, 0], "rotation": 90, "texture": "#cross"}
			}
		},
		{
			"from": [7, 7, 4],
			"to": [7, 11, 6],
			"rotation": {"angle": -22.5, "axis": "z", "origin": [7, 9, 4]},
			"faces": {
				"north": {"uv": [0, 0, 0, 0], "texture": "#cross"},
				"east": {"uv": [13, 4.5, 14, 6.5], "texture": "#cross"},
				"south": {"uv": [0, 0, 0, 0], "texture": "#cross"},
				"west": {"uv": [14, 4.5, 13, 6.5], "texture": "#cross"},
				"up": {"uv": [0, 0, 0, 0], "rotation": 270, "texture": "#cross"},
				"down": {"uv": [0, 0, 0, 0], "rotation": 90, "texture": "#cross"}
			}
		},
		{
			"from": [5, 14, 14],
			"to": [5, 18, 16],
			"rotation": {"angle": 22.5, "axis": "z", "origin": [5, 16, 14]},
			"faces": {
				"north": {"uv": [0, 0, 0, 0], "texture": "#cross"},
				"east": {"uv": [13, 4.5, 14, 6.5], "texture": "#cross"},
				"south": {"uv": [0, 0, 0, 0], "texture": "#cross"},
				"west": {"uv": [14, 4.5, 13, 6.5], "texture": "#cross"},
				"up": {"uv": [0, 0, 0, 0], "rotation": 270, "texture": "#cross"},
				"down": {"uv": [0, 0, 0, 0], "rotation": 90, "texture": "#cross"}
			}
		},
		{
			"from": [12, 14, 5],
			"to": [12, 18, 7],
			"rotation": {"angle": -45, "axis": "y", "origin": [12, 16, 5]},
			"faces": {
				"north": {"uv": [0, 0, 0, 0], "texture": "#cross"},
				"east": {"uv": [13, 4.5, 14, 6.5], "texture": "#cross"},
				"south": {"uv": [0, 0, 0, 0], "texture": "#cross"},
				"west": {"uv": [14, 4.5, 13, 6.5], "texture": "#cross"},
				"up": {"uv": [0, 0, 0, 0], "rotation": 270, "texture": "#cross"},
				"down": {"uv": [0, 0, 0, 0], "rotation": 90, "texture": "#cross"}
			}
		},
		{
			"from": [7, 1, 0],
			"to": [7, 5, 2],
			"rotation": {"angle": -22.5, "axis": "z", "origin": [7, 3, 2]},
			"faces": {
				"north": {"uv": [0, 0, 0, 0], "texture": "#cross"},
				"east": {"uv": [14, 4.5, 13, 6.5], "texture": "#cross"},
				"south": {"uv": [0, 0, 0, 0], "texture": "#cross"},
				"west": {"uv": [13, 4.5, 14, 6.5], "texture": "#cross"},
				"up": {"uv": [0, 0, 0, 0], "rotation": 270, "texture": "#cross"},
				"down": {"uv": [0, 0, 0, 0], "rotation": 90, "texture": "#cross"}
			}
		},
		{
			"from": [8, 13, 0],
			"to": [8, 17, 2],
			"rotation": {"angle": -45, "axis": "y", "origin": [8, 15, 2]},
			"faces": {
				"north": {"uv": [0, 0, 0, 0], "texture": "#cross"},
				"east": {"uv": [14, 4.5, 13, 6.5], "texture": "#cross"},
				"south": {"uv": [0, 0, 0, 0], "texture": "#cross"},
				"west": {"uv": [13, 4.5, 14, 6.5], "texture": "#cross"},
				"up": {"uv": [0, 0, 0, 0], "rotation": 270, "texture": "#cross"},
				"down": {"uv": [0, 0, 0, 0], "rotation": 90, "texture": "#cross"}
			}
		}
	]
}