{
	"credit": "Made with Blockbench",
	"ambientocclusion": false,
	"texture_size": [16, 32],
	"textures": {
		"particle": "block/vine",
		"vine": "block/vine"
	},
	"elements": [
		{
			"from": [0, 0, 0.1],
			"to": [16, 16, 0.1],
			"shade": false,
			"rotation": {"angle": 0, "axis": "y", "origin": [8, 8, 0]},
			"faces": {
				"north": {"uv": [16, 0, 0, 8], "texture": "#vine", "tintindex": 0},
				"south": {"uv": [0, 0, 16, 8], "texture": "#vine", "tintindex": 0}
			}
		},
		{
			"from": [0, 12, 0.1],
			"to": [16, 16, 0.1],
			"shade": false,
			"rotation": {"angle": -22.5, "axis": "x", "origin": [8, 16, 0.1]},
			"faces": {
				"north": {"uv": [16, 8, 0, 10], "texture": "#vine", "tintindex": 0},
				"south": {"uv": [0, 8, 16, 10], "texture": "#vine", "tintindex": 0}
			}
		},
		{
			"from": [0, 8, 0.1],
			"to": [16, 12, 0.1],
			"shade": false,
			"rotation": {"angle": 22.5, "axis": "x", "origin": [8, 12, 0.1]},
			"faces": {
				"north": {"uv": [16, 10, 0, 12], "texture": "#vine", "tintindex": 0},
				"south": {"uv": [0, 10, 16, 12], "texture": "#vine", "tintindex": 0}
			}
		},
		{
			"from": [0, 4, 0.1],
			"to": [16, 8, 0.1],
			"shade": false,
			"rotation": {"angle": -22.5, "axis": "x", "origin": [8, 8, 0.1]},
			"faces": {
				"north": {"uv": [16, 12, 0, 14], "texture": "#vine", "tintindex": 0},
				"south": {"uv": [0, 12, 16, 14], "texture": "#vine", "tintindex": 0}
			}
		},
		{
			"from": [0, 0, 0.1],
			"to": [16, 4, 0.1],
			"shade": false,
			"rotation": {"angle": 22.5, "axis": "x", "origin": [8, 4, 0.1]},
			"faces": {
				"north": {"uv": [16, 14, 0, 16], "texture": "#vine", "tintindex": 0},
				"south": {"uv": [0, 14, 16, 16], "texture": "#vine", "tintindex": 0}
			}
		}
	]
}