{
	"credit": "Made with Blockbench",
	"parent": "minecraft:block/cross",
	"texture_size": [32, 32],
	"textures": {
		"cross": "block/warped_fungus"
	},
	"elements": [
		{
			"from": [3, 5, 3],
			"to": [13, 9, 13],
			"faces": {
				"north": {"uv": [5, 12, 10, 14], "texture": "#cross"},
				"east": {"uv": [5, 14, 10, 16], "texture": "#cross"},
				"south": {"uv": [5, 8, 10, 10], "texture": "#cross"},
				"west": {"uv": [5, 10, 10, 12], "texture": "#cross"},
				"up": {"uv": [0, 6, 5, 11], "texture": "#cross"},
				"down": {"uv": [0, 11, 5, 16], "texture": "#cross"}
			}
		},
		{
			"from": [7, 0, 7],
			"to": [9, 5, 9],
			"faces": {
				"north": {"uv": [8, 5.5, 9, 8], "texture": "#cross"},
				"east": {"uv": [7, 5.5, 8, 8], "texture": "#cross"},
				"south": {"uv": [6, 5.5, 7, 8], "texture": "#cross"},
				"west": {"uv": [5, 5.5, 6, 8], "texture": "#cross"},
				"up": {"uv": [9, 6, 10, 7], "texture": "#cross"},
				"down": {"uv": [9, 7, 10, 8], "texture": "#cross"}
			}
		}
	],
	"display": {}
}