{
	"credit": "Made with Blockbench",
	"textures": {
		"layer0": "item/lily_pad"
	},
	"elements": [
		{
			"from": [0, 0, 7.5],
			"to": [16, 16, 8.5],
			"faces": {
				"north": {"uv": [0, 16, 16, 0], "rotation": 180, "texture": "#layer0"},
				"east": {"uv": [0, 0, 1, 16], "rotation": 180, "texture": "#layer0"},
				"south": {"uv": [0, 0, 16, 16], "texture": "#layer0"},
				"west": {"uv": [0, 0, 1, 16], "texture": "#layer0"},
				"up": {"uv": [0, 0, 1, 16], "rotation": 270, "texture": "#layer0"},
				"down": {"uv": [0, 0, 1, 16], "rotation": 270, "texture": "#layer0"}
			}
		},
		{
			"from": [5, 0, 7.5],
			"to": [12, 11, 8.5],
			"faces": {
				"north": {"uv": [0, 0, 0, 0], "rotation": 180, "texture": "#layer0"},
				"east": {"uv": [5, 5, 6, 16], "rotation": 180, "texture": "#layer0"},
				"south": {"uv": [0, 0, 0, 0], "texture": "#layer0"},
				"west": {"uv": [12, 5, 11, 16], "texture": "#layer0"},
				"up": {"uv": [12, 5, 5, 6], "rotation": 180, "texture": "#layer0"},
				"down": {"uv": [5, 15, 12, 16], "rotation": 180, "texture": "#layer0"}
			}
		},
		{
			"from": [3, 1, 7.5],
			"to": [14, 2, 8.5],
			"faces": {
				"north": {"uv": [0, 0, 0, 0], "rotation": 180, "texture": "#layer0"},
				"east": {"uv": [3, 14, 4, 15], "rotation": 180, "texture": "#layer0"},
				"south": {"uv": [0, 0, 0, 0], "texture": "#layer0"},
				"west": {"uv": [13, 14, 14, 15], "texture": "#layer0"},
				"up": {"uv": [14, 13, 3, 14], "rotation": 180, "texture": "#layer0"},
				"down": {"uv": [3, 14, 14, 15], "rotation": 180, "texture": "#layer0"}
			}
		},
		{
			"from": [2, 2, 7.5],
			"to": [15, 14, 8.5],
			"faces": {
				"north": {"uv": [0, 0, 0, 0], "rotation": 180, "texture": "#layer0"},
				"east": {"uv": [2, 2, 3, 14], "rotation": 180, "texture": "#layer0"},
				"south": {"uv": [0, 0, 0, 0], "texture": "#layer0"},
				"west": {"uv": [14, 2, 15, 14], "texture": "#layer0"},
				"up": {"uv": [15, 2, 2, 3], "rotation": 180, "texture": "#layer0"},
				"down": {"uv": [2, 13, 15, 14], "rotation": 180, "texture": "#layer0"}
			}
		},
		{
			"from": [1, 4, 7.5],
			"to": [16, 12, 8.5],
			"faces": {
				"north": {"uv": [0, 0, 0, 0], "rotation": 180, "texture": "#layer0"},
				"east": {"uv": [1, 4, 2, 12], "rotation": 180, "texture": "#layer0"},
				"south": {"uv": [0, 0, 0, 0], "texture": "#layer0"},
				"west": {"uv": [15, 4, 16, 12], "texture": "#layer0"},
				"up": {"uv": [16, 4, 1, 5], "rotation": 180, "texture": "#layer0"},
				"down": {"uv": [1, 11, 16, 12], "rotation": 180, "texture": "#layer0"}
			}
		},
		{
			"from": [2, 12, 7.5],
			"to": [15, 14, 8.5],
			"faces": {
				"north": {"uv": [0, 0, 0, 0], "rotation": 180, "texture": "#layer0"},
				"east": {"uv": [2, 2, 3, 4], "rotation": 180, "texture": "#layer0"},
				"south": {"uv": [0, 0, 0, 0], "texture": "#layer0"},
				"west": {"uv": [14, 2, 15, 4], "texture": "#layer0"},
				"up": {"uv": [15, 2, 2, 3], "rotation": 180, "texture": "#layer0"},
				"down": {"uv": [2, 3, 15, 4], "rotation": 180, "texture": "#layer0"}
			}
		},
		{
			"from": [3, 14, 7.5],
			"to": [14, 15, 8.5],
			"faces": {
				"north": {"uv": [0, 0, 0, 0], "rotation": 180, "texture": "#layer0"},
				"east": {"uv": [3, 1, 4, 2], "rotation": 180, "texture": "#layer0"},
				"south": {"uv": [0, 0, 0, 0], "texture": "#layer0"},
				"west": {"uv": [13, 1, 14, 2], "texture": "#layer0"},
				"up": {"uv": [14, 1, 3, 2], "rotation": 180, "texture": "#layer0"},
				"down": {"uv": [3, 1, 14, 2], "rotation": 180, "texture": "#layer0"}
			}
		},
		{
			"from": [9, 11, 7.5],
			"to": [10, 13, 8.5],
			"faces": {
				"north": {"uv": [0, 0, 0, 0], "rotation": 180, "texture": "#layer0"},
				"east": {"uv": [7, 3, 8, 5], "rotation": 180, "texture": "#layer0"},
				"south": {"uv": [0, 0, 0, 0], "texture": "#layer0"},
				"west": {"uv": [7, 3, 8, 5], "texture": "#layer0"},
				"up": {"uv": [8, 3, 7, 4], "rotation": 180, "texture": "#layer0"},
				"down": {"uv": [7, 4, 8, 5], "rotation": 180, "texture": "#layer0"}
			}
		},
		{
			"from": [7, 11, 7.5],
			"to": [8, 13, 8.5],
			"faces": {
				"north": {"uv": [0, 0, 0, 0], "rotation": 180, "texture": "#layer0"},
				"east": {"uv": [9, 3, 10, 5], "rotation": 180, "texture": "#layer0"},
				"south": {"uv": [0, 0, 0, 0], "texture": "#layer0"},
				"west": {"uv": [9, 3, 10, 5], "texture": "#layer0"},
				"up": {"uv": [10, 3, 9, 4], "rotation": 180, "texture": "#layer0"},
				"down": {"uv": [9, 4, 10, 5], "rotation": 180, "texture": "#layer0"}
			}
		},
		{
			"from": [6, 13, 7.5],
			"to": [7, 15, 8.5],
			"faces": {
				"north": {"uv": [0, 0, 0, 0], "rotation": 180, "texture": "#layer0"},
				"east": {"uv": [10, 1, 11, 3], "rotation": 180, "texture": "#layer0"},
				"south": {"uv": [0, 0, 0, 0], "texture": "#layer0"},
				"west": {"uv": [10, 1, 11, 3], "texture": "#layer0"},
				"up": {"uv": [11, 1, 10, 2], "rotation": 180, "texture": "#layer0"},
				"down": {"uv": [10, 2, 11, 3], "rotation": 180, "texture": "#layer0"}
			}
		},
		{
			"from": [10, 13, 7.5],
			"to": [11, 15, 8.5],
			"faces": {
				"north": {"uv": [0, 0, 0, 0], "rotation": 180, "texture": "#layer0"},
				"east": {"uv": [6, 1, 7, 3], "rotation": 180, "texture": "#layer0"},
				"south": {"uv": [0, 0, 0, 0], "texture": "#layer0"},
				"west": {"uv": [6, 1, 7, 3], "texture": "#layer0"},
				"up": {"uv": [7, 1, 6, 2], "rotation": 180, "texture": "#layer0"},
				"down": {"uv": [6, 2, 7, 3], "rotation": 180, "texture": "#layer0"}
			}
		}
	],
	"gui_light": "front",
	"display": {
		"thirdperson_righthand": {
			"translation": [0, 3, 1],
			"scale": [0.55, 0.55, 0.55]
		},
		"thirdperson_lefthand": {
			"translation": [0, 3, 1],
			"scale": [0.55, 0.55, 0.55]
		},
		"firstperson_righthand": {
			"rotation": [0, -90, 25],
			"translation": [1.13, 3.2, 1.13],
			"scale": [0.68, 0.68, 0.68]
		},
		"firstperson_lefthand": {
			"rotation": [0, -90, 25],
			"translation": [1.13, 3.2, 1.13],
			"scale": [0.68, 0.68, 0.68]
		},
		"ground": {
			"translation": [0, 2, 0],
			"scale": [0.5, 0.5, 0.5]
		},
		"head": {
			"rotation": [0, 180, 0],
			"translation": [0, 13, 7]
		},
		"fixed": {
			"rotation": [0, 180, 0]
		}
	}
}